timestamp,idx,gpu_util_pct,mem_used_pct
1777581503.512310776,0,0,0.00
1777581503.512310776,1,0,0.00
1777581504.539007337,0,0,0.00
1777581504.539007337,1,0,0.00
1777581505.561646587,0,0,0.00
1777581505.561646587,1,0,0.00
1777581506.583153234,0,0,0.00
1777581506.583153234,1,0,0.00
1777581507.605478722,0,0,0.00
1777581507.605478722,1,0,0.00
1777581508.628245960,0,0,0.00
1777581508.628245960,1,0,0.00
1777581509.651144811,0,0,0.00
1777581509.651144811,1,0,0.00
1777581510.673346180,0,0,0.00
1777581510.673346180,1,0,0.00
1777581511.695128509,0,0,0.00
1777581511.695128509,1,0,0.00
1777581512.716923551,0,0,0.00
1777581512.716923551,1,0,0.00
1777581513.738769099,0,0,0.00
1777581513.738769099,1,0,0.00
1777581514.760569832,0,0,0.00
1777581514.760569832,1,0,0.00
1777581515.782860311,0,0,0.00
1777581515.782860311,1,0,0.00
1777581516.805537811,0,0,0.00
1777581516.805537811,1,0,0.00
1777581517.827870784,0,0,0.00
1777581517.827870784,1,0,0.00
1777581518.850024985,0,0,0.00
1777581518.850024985,1,0,0.00
1777581519.871953908,0,0,0.00
1777581519.871953908,1,0,0.00
1777581520.894370368,0,0,0.00
1777581520.894370368,1,0,0.00
1777581521.917026814,0,0,0.00
1777581521.917026814,1,0,0.00
1777581522.939166924,0,0,0.00
1777581522.939166924,1,0,0.00
1777581523.961727896,0,0,0.00
1777581523.961727896,1,0,0.00
1777581524.982453629,0,0,0.00
1777581524.982453629,1,0,0.00
1777581526.004734947,0,0,0.00
1777581526.004734947,1,0,0.00
1777581527.026939350,0,0,0.00
1777581527.026939350,1,0,0.00
1777581528.048843996,0,0,0.00
1777581528.048843996,1,0,0.00
1777581529.070916829,0,0,0.00
1777581529.070916829,1,0,0.00
1777581530.093303366,0,0,0.96
1777581530.093303366,1,0,0.01
1777581531.115113121,0,0,0.96
1777581531.115113121,1,0,0.01
1777581532.136500525,0,0,0.96
1777581532.136500525,1,0,0.01
1777581533.157881901,0,0,0.96
1777581533.157881901,1,0,0.01
1777581534.179386574,0,0,0.96
1777581534.179386574,1,0,0.01
1777581535.201312040,0,0,0.96
1777581535.201312040,1,0,0.01
1777581536.222763854,0,0,0.96
1777581536.222763854,1,0,0.01
1777581537.243134055,0,0,0.96
1777581537.243134055,1,0,0.01
1777581538.264737941,0,0,0.96
1777581538.264737941,1,0,0.01
1777581539.285979330,0,0,0.96
1777581539.285979330,1,0,0.01
1777581540.306901526,0,0,0.96
1777581540.306901526,1,0,0.01
1777581541.327911265,0,0,0.96
1777581541.327911265,1,0,0.01
1777581542.348945208,0,0,0.96
1777581542.348945208,1,0,0.01
1777581543.369458960,0,0,0.96
1777581543.369458960,1,0,0.01
1777581544.390225494,0,0,0.96
1777581544.390225494,1,0,0.01
1777581545.409719326,0,0,0.96
1777581545.409719326,1,0,0.01
1777581546.430491850,0,0,0.96
1777581546.430491850,1,0,0.01
1777581547.451740381,0,0,0.96
1777581547.451740381,1,0,0.01
1777581548.472388558,0,0,0.96
1777581548.472388558,1,0,0.01
1777581549.493846556,0,0,0.96
1777581549.493846556,1,0,0.01
1777581550.514152105,0,0,0.96
1777581550.514152105,1,0,0.01
1777581551.535626959,0,0,0.96
1777581551.535626959,1,0,0.01
1777581552.556440459,0,0,0.96
1777581552.556440459,1,0,0.01
1777581553.578021012,0,0,0.96
1777581553.578021012,1,0,0.01
1777581554.598693508,0,0,0.96
1777581554.598693508,1,0,0.01
1777581555.618363399,0,0,0.96
1777581555.618363399,1,0,0.01
1777581556.638286459,0,0,0.96
1777581556.638286459,1,0,0.01
1777581557.658061164,0,0,0.96
1777581557.658061164,1,0,0.01
1777581558.679238636,0,0,0.96
1777581558.679238636,1,0,0.01
1777581559.700327533,0,0,0.96
1777581559.700327533,1,0,0.01
1777581560.721790462,0,0,0.96
1777581560.721790462,1,0,0.01
1777581561.743340582,0,0,0.96
1777581561.743340582,1,0,0.01
1777581562.763199312,0,0,0.96
1777581562.763199312,1,0,0.01
1777581563.784400378,0,0,0.96
1777581563.784400378,1,0,0.01
1777581564.805919170,0,0,0.96
1777581564.805919170,1,0,0.01
1777581565.826099515,0,0,0.96
1777581565.826099515,1,0,0.01
1777581566.847430088,0,0,0.96
1777581566.847430088,1,0,0.01
1777581567.867749655,0,0,0.96
1777581567.867749655,1,0,0.01
1777581568.889167579,0,0,0.96
1777581568.889167579,1,0,0.01
1777581569.911442280,0,0,0.96
1777581569.911442280,1,0,0.01
1777581570.931672818,0,0,0.96
1777581570.931672818,1,0,0.01
1777581571.951505669,0,0,0.96
1777581571.951505669,1,0,0.01
1777581572.972293805,0,0,0.96
1777581572.972293805,1,0,0.01
1777581573.993487115,0,0,0.96
1777581573.993487115,1,0,0.01
1777581575.013020835,0,0,0.96
1777581575.013020835,1,0,0.01
1777581576.033412633,0,0,0.96
1777581576.033412633,1,0,0.01
1777581577.055263223,0,0,0.96
1777581577.055263223,1,0,0.01
1777581578.075127075,0,0,0.96
1777581578.075127075,1,0,0.01
1777581579.096024610,0,0,0.96
1777581579.096024610,1,0,0.01
1777581580.117270556,0,0,0.96
1777581580.117270556,1,0,0.01
1777581581.138317276,0,0,0.96
1777581581.138317276,1,0,0.01
1777581582.160233685,0,0,0.96
1777581582.160233685,1,0,0.01
1777581583.180971306,0,0,0.96
1777581583.180971306,1,0,0.01
1777581584.201676979,0,0,0.96
1777581584.201676979,1,0,0.01
1777581585.222261825,0,0,0.96
1777581585.222261825,1,0,0.01
1777581586.242335350,0,0,0.96
1777581586.242335350,1,0,0.01
1777581587.263079450,0,0,0.96
1777581587.263079450,1,0,0.01
1777581588.284561986,0,0,0.96
1777581588.284561986,1,0,0.01
1777581589.305444488,0,0,0.96
1777581589.305444488,1,0,0.01
1777581590.325723030,0,0,0.96
1777581590.325723030,1,0,0.01
1777581591.346791310,0,0,0.96
1777581591.346791310,1,0,0.01
1777581592.366790053,0,0,0.96
1777581592.366790053,1,0,0.01
1777581593.386872165,0,0,0.96
1777581593.386872165,1,0,0.01
1777581594.407649594,0,0,0.96
1777581594.407649594,1,0,0.01
1777581595.427760876,0,0,0.96
1777581595.427760876,1,0,0.01
1777581596.448661951,0,0,0.96
1777581596.448661951,1,0,0.01
1777581597.468642244,0,0,0.96
1777581597.468642244,1,0,0.01
1777581598.488818877,0,0,0.96
1777581598.488818877,1,0,0.01
1777581599.510733903,0,0,0.96
1777581599.510733903,1,0,0.01
1777581600.531337559,0,0,0.96
1777581600.531337559,1,0,0.01
1777581601.552370072,0,0,0.96
1777581601.552370072,1,0,0.01
1777581602.574401276,0,0,0.96
1777581602.574401276,1,0,0.01
1777581603.595764533,0,0,0.96
1777581603.595764533,1,0,0.01
1777581604.617245488,0,0,0.96
1777581604.617245488,1,0,0.01
1777581605.638208094,0,0,0.96
1777581605.638208094,1,0,0.01
1777581606.658430385,0,0,0.96
1777581606.658430385,1,0,0.01
1777581607.678370350,0,0,0.96
1777581607.678370350,1,0,0.01
1777581608.697985450,0,0,0.96
1777581608.697985450,1,0,0.01
1777581609.717661679,0,0,0.96
1777581609.717661679,1,0,0.01
1777581610.738929161,0,0,0.96
1777581610.738929161,1,0,0.01
1777581611.760920234,0,0,0.96
1777581611.760920234,1,0,0.01
1777581612.782868312,0,0,0.96
1777581612.782868312,1,0,0.01
1777581613.802937305,0,0,0.96
1777581613.802937305,1,0,0.01
1777581614.823861415,0,0,0.96
1777581614.823861415,1,0,0.01
1777581615.843865628,0,0,0.96
1777581615.843865628,1,0,0.01
1777581616.864635999,0,0,0.96
1777581616.864635999,1,0,0.01
1777581617.885533703,0,0,0.96
1777581617.885533703,1,0,0.01
1777581618.906453032,0,0,0.96
1777581618.906453032,1,0,0.01
1777581619.925823144,0,0,0.96
1777581619.925823144,1,0,0.01
1777581620.945391338,0,0,0.96
1777581620.945391338,1,0,0.01
1777581621.966686133,0,0,0.96
1777581621.966686133,1,0,0.01
1777581622.988287475,0,0,0.96
1777581622.988287475,1,0,0.01
1777581624.008208547,0,0,0.96
1777581624.008208547,1,0,0.01
1777581625.029582902,0,0,0.96
1777581625.029582902,1,0,0.01
1777581626.050884089,0,0,0.96
1777581626.050884089,1,0,0.01
1777581627.071133743,0,0,0.96
1777581627.071133743,1,0,0.01
1777581628.090702049,0,0,0.96
1777581628.090702049,1,0,0.01
1777581629.110096822,0,0,0.96
1777581629.110096822,1,0,0.01
1777581630.129774077,0,0,0.96
1777581630.129774077,1,0,0.01
1777581631.150291769,0,0,0.96
1777581631.150291769,1,0,0.01
1777581632.169939733,0,0,0.96
1777581632.169939733,1,0,0.01
1777581633.189848120,0,0,0.96
1777581633.189848120,1,0,0.01
1777581634.210692906,0,0,0.96
1777581634.210692906,1,0,0.01
1777581635.230986091,0,0,0.96
1777581635.230986091,1,0,0.01
1777581636.251323392,0,0,0.96
1777581636.251323392,1,0,0.01
1777581637.271030371,0,0,0.96
1777581637.271030371,1,0,0.01
1777581638.290897999,0,0,0.96
1777581638.290897999,1,0,0.01
1777581639.311662002,0,0,0.96
1777581639.311662002,1,0,0.01
1777581640.331142559,0,0,0.96
1777581640.331142559,1,0,0.01
1777581641.351455951,0,0,0.96
1777581641.351455951,1,0,0.01
1777581642.370908010,0,0,0.96
1777581642.370908010,1,0,0.01
1777581643.390995912,0,0,0.96
1777581643.390995912,1,0,0.01
1777581644.411030792,0,0,0.96
1777581644.411030792,1,0,0.01
1777581645.432315743,0,0,0.96
1777581645.432315743,1,0,0.01
1777581646.451999107,0,0,0.96
1777581646.451999107,1,0,0.01
1777581647.472961550,0,0,0.96
1777581647.472961550,1,0,0.01
1777581648.493590389,0,0,0.96
1777581648.493590389,1,0,0.01
1777581649.513982062,0,0,0.96
1777581649.513982062,1,0,0.01
1777581650.533740419,0,0,0.96
1777581650.533740419,1,0,0.01
1777581651.554114206,0,0,0.96
1777581651.554114206,1,0,0.01
1777581652.574082536,0,0,0.96
1777581652.574082536,1,0,0.01
1777581653.594156857,0,0,0.96
1777581653.594156857,1,0,0.01
1777581654.614713979,0,0,0.96
1777581654.614713979,1,0,0.01
1777581655.635859273,0,0,0.96
1777581655.635859273,1,0,0.01
1777581656.655817876,0,0,0.96
1777581656.655817876,1,0,0.01
1777581657.676605859,0,0,0.96
1777581657.676605859,1,0,0.01
1777581658.697865073,0,0,0.96
1777581658.697865073,1,0,0.01
1777581659.719442057,0,0,0.96
1777581659.719442057,1,0,0.01
1777581660.739603039,0,0,0.96
1777581660.739603039,1,0,0.01
1777581661.760659024,0,0,0.96
1777581661.760659024,1,0,0.01
1777581662.780795167,0,0,0.96
1777581662.780795167,1,0,0.01
1777581663.800569844,0,0,0.96
1777581663.800569844,1,0,0.01
1777581664.821497095,0,0,0.96
1777581664.821497095,1,0,0.01
1777581665.841827620,0,0,0.96
1777581665.841827620,1,0,0.01
1777581666.861785823,0,0,0.96
1777581666.861785823,1,0,0.01
1777581667.882413291,0,0,0.96
1777581667.882413291,1,0,0.01
1777581668.902681359,0,0,0.96
1777581668.902681359,1,0,0.01
1777581669.922980767,0,0,0.96
1777581669.922980767,1,0,0.01
1777581670.943535729,0,0,0.96
1777581670.943535729,1,0,0.01
1777581671.963377008,0,0,0.96
1777581671.963377008,1,0,0.01
1777581672.983035744,0,0,0.96
1777581672.983035744,1,0,0.01
1777581674.002980526,0,0,0.96
1777581674.002980526,1,0,0.01
1777581675.022995790,0,0,0.96
1777581675.022995790,1,0,0.01
1777581676.044136612,0,0,0.96
1777581676.044136612,1,0,0.01
1777581677.065020542,0,0,0.96
1777581677.065020542,1,0,0.01
1777581678.086851077,0,0,0.96
1777581678.086851077,1,0,0.01
1777581679.107660576,0,0,0.96
1777581679.107660576,1,0,0.01
1777581680.128154084,0,0,0.96
1777581680.128154084,1,0,0.01
1777581681.149237805,0,0,0.96
1777581681.149237805,1,0,0.01
1777581682.170793757,0,0,0.96
1777581682.170793757,1,0,0.01
1777581683.191882419,0,0,0.96
1777581683.191882419,1,0,0.01
1777581684.212643183,0,0,0.96
1777581684.212643183,1,0,0.01
1777581685.234949890,0,0,0.96
1777581685.234949890,1,0,0.01
1777581686.256001280,0,0,0.96
1777581686.256001280,1,0,0.01
1777581687.277582288,0,0,0.96
1777581687.277582288,1,0,0.01
1777581688.297716442,0,0,0.96
1777581688.297716442,1,0,0.01
1777581689.317389896,0,0,0.96
1777581689.317389896,1,0,0.01
1777581690.337661142,0,0,0.96
1777581690.337661142,1,0,0.01
1777581691.357519826,0,0,0.96
1777581691.357519826,1,0,0.01
1777581692.378293936,0,0,0.96
1777581692.378293936,1,0,0.01
1777581693.398118562,0,0,0.96
1777581693.398118562,1,0,0.01
1777581694.418691036,0,0,0.96
1777581694.418691036,1,0,0.01
1777581695.438436449,0,0,0.96
1777581695.438436449,1,0,0.01
1777581696.458142074,0,0,0.96
1777581696.458142074,1,0,0.01
1777581697.477657926,0,0,0.96
1777581697.477657926,1,0,0.01
1777581698.497893132,0,0,0.96
1777581698.497893132,1,0,0.01
1777581699.517725118,0,0,0.96
1777581699.517725118,1,0,0.01
1777581700.537523325,0,0,0.96
1777581700.537523325,1,0,0.01
1777581701.557885504,0,0,0.96
1777581701.557885504,1,0,0.01
1777581702.577214365,0,0,0.96
1777581702.577214365,1,0,0.01
1777581703.598099975,0,0,0.96
1777581703.598099975,1,0,0.01
1777581704.618529999,0,0,0.96
1777581704.618529999,1,0,0.01
1777581705.638359481,0,0,0.96
1777581705.638359481,1,0,0.01
1777581706.658613154,0,0,0.96
1777581706.658613154,1,0,0.01
1777581707.678127383,0,0,0.96
1777581707.678127383,1,0,0.01
1777581708.697889472,0,0,0.96
1777581708.697889472,1,0,0.01
1777581709.719162810,0,0,0.96
1777581709.719162810,1,0,0.01
1777581710.740818850,0,0,0.96
1777581710.740818850,1,0,0.01
1777581711.760605182,0,0,0.96
1777581711.760605182,1,0,0.01
1777581712.780194809,0,0,0.96
1777581712.780194809,1,0,0.01
1777581713.800078995,0,0,0.96
1777581713.800078995,1,0,0.01
1777581714.820037198,0,0,0.96
1777581714.820037198,1,0,0.01
1777581715.840793247,0,0,0.96
1777581715.840793247,1,0,0.01
1777581716.861105996,0,0,0.96
1777581716.861105996,1,0,0.01
1777581717.880999832,0,0,0.96
1777581717.880999832,1,0,0.01
1777581718.901786043,0,0,0.96
1777581718.901786043,1,0,0.01
1777581719.922039082,0,0,0.96
1777581719.922039082,1,0,0.01
1777581720.942090928,0,0,0.96
1777581720.942090928,1,0,0.01
1777581721.962488737,0,0,0.96
1777581721.962488737,1,0,0.01
1777581722.982518914,0,0,0.96
1777581722.982518914,1,0,0.01
1777581724.001694836,0,0,0.96
1777581724.001694836,1,0,0.01
1777581725.021899076,0,0,0.96
1777581725.021899076,1,0,0.01
1777581726.041594787,0,0,0.96
1777581726.041594787,1,0,0.01
1777581727.061874088,0,0,0.96
1777581727.061874088,1,0,0.01
1777581728.081456663,0,0,0.96
1777581728.081456663,1,0,0.01
1777581729.100566863,0,0,0.96
1777581729.100566863,1,0,0.01
1777581730.120001130,0,0,0.96
1777581730.120001130,1,0,0.01
1777581731.140122386,0,0,0.96
1777581731.140122386,1,0,0.01
1777581732.159616014,0,0,0.96
1777581732.159616014,1,0,0.01
1777581733.179668738,0,0,0.96
1777581733.179668738,1,0,0.01
1777581734.199173552,0,0,0.96
1777581734.199173552,1,0,0.01
1777581735.219943736,0,0,0.96
1777581735.219943736,1,0,0.01
1777581736.240976498,0,0,0.96
1777581736.240976498,1,0,0.01
1777581737.262198239,0,0,0.96
1777581737.262198239,1,0,0.01
1777581738.282651350,0,0,0.96
1777581738.282651350,1,0,0.01
1777581739.302142276,0,0,0.96
1777581739.302142276,1,0,0.01
1777581740.321889824,0,0,0.96
1777581740.321889824,1,0,0.01
1777581741.341230037,0,0,0.96
1777581741.341230037,1,0,0.01
1777581742.360704681,0,0,0.96
1777581742.360704681,1,0,0.01
1777581743.381691147,0,0,0.96
1777581743.381691147,1,0,0.01
1777581744.401907055,0,0,0.96
1777581744.401907055,1,0,0.01
1777581745.421521367,0,0,0.96
1777581745.421521367,1,0,0.01
1777581746.441447326,0,0,0.96
1777581746.441447326,1,0,0.01
1777581747.461144409,0,0,0.96
1777581747.461144409,1,0,0.01
1777581748.480690147,0,0,0.96
1777581748.480690147,1,0,0.01
1777581749.500320450,0,0,0.96
1777581749.500320450,1,0,0.01
1777581750.520206442,0,0,0.96
1777581750.520206442,1,0,0.01
1777581751.539639237,0,0,0.96
1777581751.539639237,1,0,0.01
1777581752.560486663,0,0,0.96
1777581752.560486663,1,0,0.01
1777581753.580102358,0,0,0.96
1777581753.580102358,1,0,0.01
1777581754.599694489,0,0,0.96
1777581754.599694489,1,0,0.01
1777581755.619301353,0,0,0.96
1777581755.619301353,1,0,0.01
1777581756.638792703,0,0,0.96
1777581756.638792703,1,0,0.01
1777581757.658629545,0,0,0.96
1777581757.658629545,1,0,0.01
1777581758.678509501,0,0,0.96
1777581758.678509501,1,0,0.01
1777581759.698981002,0,0,0.96
1777581759.698981002,1,0,0.01
1777581760.718911697,0,0,0.96
1777581760.718911697,1,0,0.01
1777581761.738926213,0,0,0.96
1777581761.738926213,1,0,0.01
1777581762.759158671,0,0,0.96
1777581762.759158671,1,0,0.01
1777581763.778898401,0,0,0.96
1777581763.778898401,1,0,0.01
1777581764.798355112,0,0,0.96
1777581764.798355112,1,0,0.01
1777581765.818097278,0,0,0.96
1777581765.818097278,1,0,0.01
1777581766.837473382,0,0,0.96
1777581766.837473382,1,0,0.01
1777581767.858122345,0,0,0.96
1777581767.858122345,1,0,0.01
1777581768.877397410,0,0,0.96
1777581768.877397410,1,0,0.01
1777581769.897209459,0,0,0.96
1777581769.897209459,1,0,0.01
1777581770.917623385,0,0,0.96
1777581770.917623385,1,0,0.01
1777581771.937961949,0,0,0.96
1777581771.937961949,1,0,0.01
1777581772.958385038,0,0,0.96
1777581772.958385038,1,0,0.01
1777581773.978820903,0,0,0.96
1777581773.978820903,1,0,0.01
1777581774.999901964,0,0,0.96
1777581774.999901964,1,0,0.01
1777581776.019671326,0,0,0.96
1777581776.019671326,1,0,0.01
1777581777.039392526,0,0,0.96
1777581777.039392526,1,0,0.01
1777581778.059073192,0,0,0.96
1777581778.059073192,1,0,0.01
1777581779.078549731,0,0,0.96
1777581779.078549731,1,0,0.01
1777581780.097998914,0,0,0.96
1777581780.097998914,1,0,0.01
1777581781.119418978,0,0,0.96
1777581781.119418978,1,0,0.01
1777581782.139525387,0,0,0.96
1777581782.139525387,1,0,0.01
1777581783.160635293,0,0,0.96
1777581783.160635293,1,0,0.01
1777581784.180218991,0,0,0.96
1777581784.180218991,1,0,0.01
1777581785.201262992,0,0,0.96
1777581785.201262992,1,0,0.01
1777581786.223189666,0,0,0.96
1777581786.223189666,1,0,0.01
1777581787.243992851,0,0,0.96
1777581787.243992851,1,0,0.01
1777581788.264741272,0,0,0.96
1777581788.264741272,1,0,0.01
1777581789.284734451,0,0,0.96
1777581789.284734451,1,0,0.01
1777581790.305000248,0,0,0.96
1777581790.305000248,1,0,0.01
1777581791.324112468,0,0,0.96
1777581791.324112468,1,0,0.01
1777581792.343956823,0,0,0.96
1777581792.343956823,1,0,0.01
1777581793.363927698,0,0,0.96
1777581793.363927698,1,0,0.01
1777581794.385483351,0,0,0.96
1777581794.385483351,1,0,0.01
1777581795.405242471,0,0,0.96
1777581795.405242471,1,0,0.01
1777581796.424667207,0,0,0.96
1777581796.424667207,1,0,0.01
1777581797.444111285,0,0,0.96
1777581797.444111285,1,0,0.01
1777581798.463188329,0,0,0.96
1777581798.463188329,1,0,0.01
1777581799.484137970,0,0,0.96
1777581799.484137970,1,0,0.01
1777581800.505465929,0,0,0.96
1777581800.505465929,1,0,0.01
1777581801.524803119,0,0,0.96
1777581801.524803119,1,0,0.01
1777581802.544285392,0,0,0.96
1777581802.544285392,1,0,0.01
1777581803.563709618,0,0,0.96
1777581803.563709618,1,0,0.01
1777581804.582980517,0,0,0.96
1777581804.582980517,1,0,0.01
1777581805.602615194,0,0,0.96
1777581805.602615194,1,0,0.01
1777581806.622414360,0,0,0.96
1777581806.622414360,1,0,0.01
1777581807.641225002,0,0,0.96
1777581807.641225002,1,0,0.01
1777581808.660454176,0,0,0.96
1777581808.660454176,1,0,0.01
1777581809.680893862,0,0,0.96
1777581809.680893862,1,0,0.01
1777581810.700977843,0,0,0.96
1777581810.700977843,1,0,0.01
1777581811.720582969,0,0,0.96
1777581811.720582969,1,0,0.01
1777581812.739979692,0,0,0.96
1777581812.739979692,1,0,0.01
1777581813.760010992,0,0,0.96
1777581813.760010992,1,0,0.01
1777581814.779455558,0,0,0.96
1777581814.779455558,1,0,0.01
1777581815.799948433,0,0,0.96
1777581815.799948433,1,0,0.01
1777581816.819646776,0,0,0.96
1777581816.819646776,1,0,0.01
1777581817.839515510,0,0,0.96
1777581817.839515510,1,0,0.01
1777581818.858833080,0,0,0.96
1777581818.858833080,1,0,0.01
1777581819.878903605,0,0,0.96
1777581819.878903605,1,0,0.01
1777581820.898541424,0,0,0.96
1777581820.898541424,1,0,0.01
1777581821.918785488,0,0,0.96
1777581821.918785488,1,0,0.01
1777581822.938924485,0,0,0.96
1777581822.938924485,1,0,0.01
1777581823.958261388,0,0,0.96
1777581823.958261388,1,0,0.01
1777581824.978014322,0,0,0.96
1777581824.978014322,1,0,0.01
1777581825.996892165,0,0,0.96
1777581825.996892165,1,0,0.01
1777581827.016384838,0,0,0.96
1777581827.016384838,1,0,0.01
1777581828.035882690,0,0,0.96
1777581828.035882690,1,0,0.01
1777581829.055503213,0,0,0.96
1777581829.055503213,1,0,0.01
1777581830.074879179,0,0,0.96
1777581830.074879179,1,0,0.01
1777581831.094177616,0,0,0.96
1777581831.094177616,1,0,0.01
1777581832.114499494,0,0,0.96
1777581832.114499494,1,0,0.01
1777581833.134206716,0,0,0.96
1777581833.134206716,1,0,0.01
1777581834.154520681,0,0,0.96
1777581834.154520681,1,0,0.01
1777581835.174205914,0,0,0.96
1777581835.174205914,1,0,0.01
1777581836.194138304,0,0,0.96
1777581836.194138304,1,0,0.01
1777581837.213694593,0,0,0.96
1777581837.213694593,1,0,0.01
1777581838.233182271,0,0,0.96
1777581838.233182271,1,0,0.01
1777581839.252287731,0,0,0.96
1777581839.252287731,1,0,0.01
1777581840.271214232,0,0,0.96
1777581840.271214232,1,0,0.01
1777581841.290170767,0,0,0.96
1777581841.290170767,1,0,0.01
1777581842.310440898,0,0,0.96
1777581842.310440898,1,0,0.01
1777581843.330719949,0,0,0.96
1777581843.330719949,1,0,0.01
1777581844.350123217,0,0,0.96
1777581844.350123217,1,0,0.01
1777581845.369350406,0,0,0.96
1777581845.369350406,1,0,0.01
1777581846.388781757,0,0,0.96
1777581846.388781757,1,0,0.01
1777581847.409009273,0,0,0.96
1777581847.409009273,1,0,0.01
1777581848.428321951,0,0,0.96
1777581848.428321951,1,0,0.01
1777581849.447893369,0,0,0.96
1777581849.447893369,1,0,0.01
1777581850.468243259,0,0,0.96
1777581850.468243259,1,0,0.01
1777581851.487655013,0,0,0.96
1777581851.487655013,1,0,0.01
1777581852.507564769,0,0,0.96
1777581852.507564769,1,0,0.01
1777581853.528052386,0,0,0.96
1777581853.528052386,1,0,0.01
1777581854.547636232,0,0,0.96
1777581854.547636232,1,0,0.01
1777581855.567080911,0,0,0.96
1777581855.567080911,1,0,0.01
1777581856.586524457,0,0,0.96
1777581856.586524457,1,0,0.01
1777581857.605830788,0,0,0.96
1777581857.605830788,1,0,0.01
1777581858.625802499,0,0,0.96
1777581858.625802499,1,0,0.01
1777581859.645150380,0,0,0.96
1777581859.645150380,1,0,0.01
1777581860.664973517,0,0,0.96
1777581860.664973517,1,0,0.01
1777581861.685336836,0,0,0.96
1777581861.685336836,1,0,0.01
1777581862.705439229,0,0,0.96
1777581862.705439229,1,0,0.01
1777581863.725448421,0,0,0.96
1777581863.725448421,1,0,0.01
1777581864.746134257,0,0,0.96
1777581864.746134257,1,0,0.01
1777581865.767078261,0,0,0.96
1777581865.767078261,1,0,0.01
1777581866.787979120,0,0,0.96
1777581866.787979120,1,0,0.01
1777581867.807452872,0,0,0.96
1777581867.807452872,1,0,0.01
1777581868.827858685,0,0,0.96
1777581868.827858685,1,0,0.01
1777581869.847638600,0,0,0.96
1777581869.847638600,1,0,0.01
1777581870.868371080,0,0,0.96
1777581870.868371080,1,0,0.01
1777581871.888338575,0,0,0.96
1777581871.888338575,1,0,0.01
1777581872.907419362,0,0,0.96
1777581872.907419362,1,0,0.01
1777581873.927786704,0,0,0.96
1777581873.927786704,1,0,0.01
1777581874.946843701,0,0,0.96
1777581874.946843701,1,0,0.01
1777581875.966421433,0,0,0.96
1777581875.966421433,1,0,0.01
1777581876.985539746,0,0,0.96
1777581876.985539746,1,0,0.01
1777581878.005716423,0,0,0.96
1777581878.005716423,1,0,0.01
1777581879.025464017,0,0,0.96
1777581879.025464017,1,0,0.01
1777581880.045008875,0,0,0.96
1777581880.045008875,1,0,0.01
1777581881.065386715,0,0,0.96
1777581881.065386715,1,0,0.01
1777581882.085632346,0,0,0.96
1777581882.085632346,1,0,0.01
1777581883.105316922,0,0,0.96
1777581883.105316922,1,0,0.01
1777581884.124731072,0,0,0.96
1777581884.124731072,1,0,0.01
1777581885.145290866,0,0,0.96
1777581885.145290866,1,0,0.01
1777581886.165133418,0,0,0.96
1777581886.165133418,1,0,0.01
1777581887.184650155,0,0,0.96
1777581887.184650155,1,0,0.01
1777581888.204327652,0,0,0.96
1777581888.204327652,1,0,0.01
1777581889.223833235,0,0,0.96
1777581889.223833235,1,0,0.01
1777581890.244639927,0,0,0.96
1777581890.244639927,1,0,0.01
1777581891.263934132,0,0,0.96
1777581891.263934132,1,0,0.01
1777581892.284239638,0,0,0.96
1777581892.284239638,1,0,0.01
1777581893.304059694,0,0,0.96
1777581893.304059694,1,0,0.01
1777581894.324292995,0,0,0.96
1777581894.324292995,1,0,0.01
1777581895.344078086,0,0,0.96
1777581895.344078086,1,0,0.01
1777581896.363884463,0,0,0.96
1777581896.363884463,1,0,0.01
1777581897.383509355,0,0,0.96
1777581897.383509355,1,0,0.01
1777581898.403263723,0,0,0.96
1777581898.403263723,1,0,0.01
1777581899.422719898,0,0,0.96
1777581899.422719898,1,0,0.01
1777581900.443291897,0,0,0.96
1777581900.443291897,1,0,0.01
1777581901.462385768,0,0,0.96
1777581901.462385768,1,0,0.01
1777581902.481811532,0,0,0.96
1777581902.481811532,1,0,0.01
1777581903.503965572,0,0,0.96
1777581903.503965572,1,0,0.01
1777581904.525770053,0,0,0.96
1777581904.525770053,1,0,0.01
1777581905.548098849,0,0,1.15
1777581905.548098849,1,0,0.01
1777581906.567932309,0,0,1.29
1777581906.567932309,1,0,0.01
1777581907.588885344,0,1,1.30
1777581907.588885344,1,0,0.01
1777581908.609041830,0,0,1.30
1777581908.609041830,1,0,0.01
1777581909.628445736,0,62,1.31
1777581909.628445736,1,0,0.01
1777581910.648563773,0,62,1.31
1777581910.648563773,1,0,0.01
1777581911.669891822,0,62,1.31
1777581911.669891822,1,0,0.01
1777581912.690765276,0,0,1.31
1777581912.690765276,1,0,0.01
1777581913.710864506,0,0,1.31
1777581913.710864506,1,0,0.01
1777581914.730485756,0,0,1.31
1777581914.730485756,1,0,0.01
1777581915.749780699,0,0,1.31
1777581915.749780699,1,0,0.01
1777581916.769071243,0,0,1.31
1777581916.769071243,1,0,0.01
1777581917.788430727,0,0,1.31
1777581917.788430727,1,0,0.01
1777581918.808085170,0,0,1.31
1777581918.808085170,1,0,0.01
1777581919.828478169,0,0,1.31
1777581919.828478169,1,0,0.01
1777581920.848728621,0,0,1.31
1777581920.848728621,1,0,0.01
1777581921.868686561,0,0,1.31
1777581921.868686561,1,0,0.01
1777581922.888807213,0,0,1.31
1777581922.888807213,1,0,0.01
1777581923.909434272,0,0,1.31
1777581923.909434272,1,0,0.01
1777581924.929910625,0,0,1.31
1777581924.929910625,1,0,0.01
1777581925.951067224,0,0,1.31
1777581925.951067224,1,0,0.01
1777581926.972000732,0,0,1.31
1777581926.972000732,1,0,0.01
1777581927.991788091,0,0,1.31
1777581927.991788091,1,0,0.01
1777581929.011482310,0,0,1.31
1777581929.011482310,1,0,0.01
1777581930.031476297,0,0,1.31
1777581930.031476297,1,0,0.01
1777581931.051217545,0,0,1.31
1777581931.051217545,1,0,0.01
1777581932.071420649,0,0,1.31
1777581932.071420649,1,0,0.01
1777581933.091509842,0,0,1.31
1777581933.091509842,1,0,0.01
1777581934.112029765,0,0,1.31
1777581934.112029765,1,0,0.01
1777581935.131855352,0,0,1.31
1777581935.131855352,1,0,0.01
1777581936.151865579,0,0,1.31
1777581936.151865579,1,0,0.01
1777581937.172117402,0,0,1.31
1777581937.172117402,1,0,0.01
1777581938.191625676,0,0,1.31
1777581938.191625676,1,0,0.01
1777581939.211936087,0,0,1.31
1777581939.211936087,1,0,0.01
1777581940.231921143,0,0,1.31
1777581940.231921143,1,0,0.01
1777581941.253470588,0,0,1.31
1777581941.253470588,1,0,0.01
1777581942.273544919,0,0,1.31
1777581942.273544919,1,0,0.01
1777581943.293445462,0,0,1.31
1777581943.293445462,1,0,0.01
1777581944.313875506,0,0,1.31
1777581944.313875506,1,0,0.01
1777581945.334095243,0,0,1.31
1777581945.334095243,1,0,0.01
1777581946.353530723,0,0,1.31
1777581946.353530723,1,0,0.01
1777581947.374120871,0,0,1.31
1777581947.374120871,1,0,0.01
1777581948.394240952,0,0,1.31
1777581948.394240952,1,0,0.01
1777581949.414265625,0,0,1.31
1777581949.414265625,1,0,0.01
1777581950.434669689,0,0,1.31
1777581950.434669689,1,0,0.01
1777581951.454656852,0,0,1.31
1777581951.454656852,1,0,0.01
1777581952.474554926,0,0,1.31
1777581952.474554926,1,0,0.01
1777581953.493676663,0,0,1.31
1777581953.493676663,1,0,0.01
1777581954.513742218,0,0,1.31
1777581954.513742218,1,0,0.01
1777581955.534943915,0,0,1.31
1777581955.534943915,1,0,0.01
1777581956.555026080,0,0,1.31
1777581956.555026080,1,0,0.01
1777581957.574614383,0,0,1.31
1777581957.574614383,1,0,0.01
1777581958.594776203,0,0,1.31
1777581958.594776203,1,0,0.01
1777581959.614134675,0,0,1.31
1777581959.614134675,1,0,0.01
1777581960.635978279,0,0,1.31
1777581960.635978279,1,0,0.01
1777581961.657728893,0,0,1.31
1777581961.657728893,1,0,0.01
1777581962.677436242,0,0,1.31
1777581962.677436242,1,0,0.01
1777581963.697654742,0,0,1.31
1777581963.697654742,1,0,0.01
1777581964.717356178,0,0,1.31
1777581964.717356178,1,0,0.01
1777581965.737917896,0,0,1.31
1777581965.737917896,1,0,0.01
1777581966.757687118,0,0,1.31
1777581966.757687118,1,0,0.01
1777581967.778207529,0,0,1.31
1777581967.778207529,1,0,0.01
1777581968.797937279,0,0,1.31
1777581968.797937279,1,0,0.01
1777581969.817482203,0,0,1.31
1777581969.817482203,1,0,0.01
1777581970.837234365,0,0,1.31
1777581970.837234365,1,0,0.01
1777581971.857330102,0,0,1.31
1777581971.857330102,1,0,0.01
1777581972.879012941,0,0,1.31
1777581972.879012941,1,0,0.01
1777581973.898650850,0,0,1.31
1777581973.898650850,1,0,0.01
1777581974.918293192,0,0,1.31
1777581974.918293192,1,0,0.01
1777581975.939309465,0,0,1.31
1777581975.939309465,1,0,0.01
1777581976.958931803,0,0,1.31
1777581976.958931803,1,0,0.01
1777581977.978094325,0,0,1.31
1777581977.978094325,1,0,0.01
1777581978.997155100,0,0,1.31
1777581978.997155100,1,0,0.01
1777581980.018400515,0,0,1.31
1777581980.018400515,1,0,0.01
1777581981.039762849,0,0,1.31
1777581981.039762849,1,0,0.01
1777581982.059844574,0,0,1.31
1777581982.059844574,1,0,0.01
1777581983.079532096,0,0,1.31
1777581983.079532096,1,0,0.01
1777581984.100535526,0,0,1.31
1777581984.100535526,1,0,0.01
1777581985.121100686,0,0,1.31
1777581985.121100686,1,0,0.01
1777581986.140725992,0,0,1.31
1777581986.140725992,1,0,0.01
1777581987.160377846,0,0,1.31
1777581987.160377846,1,0,0.01
1777581988.179813847,0,0,1.31
1777581988.179813847,1,0,0.01
1777581989.201160348,0,0,1.31
1777581989.201160348,1,0,0.01
1777581990.223302740,0,0,1.31
1777581990.223302740,1,0,0.01
1777581991.244661820,0,0,1.31
1777581991.244661820,1,0,0.01
1777581992.265348641,0,0,1.31
1777581992.265348641,1,0,0.01
1777581993.284914996,0,0,1.31
1777581993.284914996,1,0,0.01
1777581994.305382932,0,0,1.31
1777581994.305382932,1,0,0.01
1777581995.325728790,0,0,1.31
1777581995.325728790,1,0,0.01
1777581996.346189849,0,0,1.31
1777581996.346189849,1,0,0.01
1777581997.365526624,0,0,1.31
1777581997.365526624,1,0,0.01
1777581998.385350503,0,0,1.31
1777581998.385350503,1,0,0.01
1777581999.405038079,0,0,1.31
1777581999.405038079,1,0,0.01
1777582000.424454940,0,0,1.31
1777582000.424454940,1,0,0.01
1777582001.444693848,0,0,1.31
1777582001.444693848,1,0,0.01
1777582002.464308135,0,0,1.31
1777582002.464308135,1,0,0.01
1777582003.483893023,0,0,1.31
1777582003.483893023,1,0,0.01
1777582004.503269988,0,0,1.31
1777582004.503269988,1,0,0.01
1777582005.523724271,0,0,1.31
1777582005.523724271,1,0,0.01
1777582006.544017328,0,0,1.31
1777582006.544017328,1,0,0.01
1777582007.563347847,0,0,1.31
1777582007.563347847,1,0,0.01
1777582008.582672196,0,0,1.31
1777582008.582672196,1,0,0.01
1777582009.602606027,0,0,1.31
1777582009.602606027,1,0,0.01
1777582010.622031174,0,0,1.31
1777582010.622031174,1,0,0.01
1777582011.641455971,0,0,1.31
1777582011.641455971,1,0,0.01
1777582012.662516982,0,0,1.31
1777582012.662516982,1,0,0.01
1777582013.683144060,0,0,1.31
1777582013.683144060,1,0,0.01
1777582014.703897556,0,0,1.31
1777582014.703897556,1,0,0.01
1777582015.724695380,0,0,1.31
1777582015.724695380,1,0,0.01
1777582016.744954383,0,0,1.31
1777582016.744954383,1,0,0.01
1777582017.765380874,0,0,1.31
1777582017.765380874,1,0,0.01
1777582018.785986418,0,0,1.31
1777582018.785986418,1,0,0.01
1777582019.806193303,0,0,1.31
1777582019.806193303,1,0,0.01
1777582020.826495846,0,0,1.31
1777582020.826495846,1,0,0.01
1777582021.847203744,0,0,1.31
1777582021.847203744,1,0,0.01
1777582022.866236093,0,0,1.31
1777582022.866236093,1,0,0.01
1777582023.886047766,0,0,1.31
1777582023.886047766,1,0,0.01
1777582024.905865314,0,0,1.31
1777582024.905865314,1,0,0.01
1777582025.925515818,0,0,1.31
1777582025.925515818,1,0,0.01
1777582026.944972359,0,0,1.31
1777582026.944972359,1,0,0.01
1777582027.964762736,0,0,1.31
1777582027.964762736,1,0,0.01
1777582028.984671077,0,0,1.31
1777582028.984671077,1,0,0.01
1777582030.004533429,0,0,1.31
1777582030.004533429,1,0,0.01
1777582031.024005518,0,0,1.31
1777582031.024005518,1,0,0.01
1777582032.043450305,0,0,1.31
1777582032.043450305,1,0,0.01
1777582033.064685762,0,0,1.31
1777582033.064685762,1,0,0.01
1777582034.086333334,0,0,1.31
1777582034.086333334,1,0,0.01
1777582035.107070935,0,0,1.31
1777582035.107070935,1,0,0.01
1777582036.126952083,0,0,1.31
1777582036.126952083,1,0,0.01
1777582037.147660348,0,0,1.31
1777582037.147660348,1,0,0.01
1777582038.169045019,0,0,1.31
1777582038.169045019,1,0,0.01
1777582039.190103125,0,0,1.31
1777582039.190103125,1,0,0.01
1777582040.210738150,0,0,1.31
1777582040.210738150,1,0,0.01
1777582041.231107820,0,0,1.31
1777582041.231107820,1,0,0.01
1777582042.251734851,0,0,1.31
1777582042.251734851,1,0,0.01
1777582043.272138717,0,0,1.31
1777582043.272138717,1,0,0.01
1777582044.292179444,0,0,1.31
1777582044.292179444,1,0,0.01
1777582045.313104754,0,0,1.31
1777582045.313104754,1,0,0.01
1777582046.334609751,0,0,1.31
1777582046.334609751,1,0,0.01
1777582047.353959724,0,0,1.31
1777582047.353959724,1,0,0.01
1777582048.373772107,0,0,1.31
1777582048.373772107,1,0,0.01
1777582049.393420299,0,0,1.31
1777582049.393420299,1,0,0.01
1777582050.413614074,0,0,1.31
1777582050.413614074,1,0,0.01
1777582051.433410664,0,0,1.31
1777582051.433410664,1,0,0.01
1777582052.454134610,0,0,1.31
1777582052.454134610,1,0,0.01
1777582053.475519186,0,0,1.31
1777582053.475519186,1,0,0.01
1777582054.497034942,0,0,1.31
1777582054.497034942,1,0,0.01
1777582055.516853070,0,0,1.31
1777582055.516853070,1,0,0.01
1777582056.536825873,0,0,1.31
1777582056.536825873,1,0,0.01
1777582057.557411820,0,0,1.31
1777582057.557411820,1,0,0.01
1777582058.577093382,0,0,1.31
1777582058.577093382,1,0,0.01
1777582059.596697915,0,0,1.31
1777582059.596697915,1,0,0.01
1777582060.617298014,0,0,1.31
1777582060.617298014,1,0,0.01
1777582061.637291026,0,0,1.31
1777582061.637291026,1,0,0.01
1777582062.657652382,0,0,1.31
1777582062.657652382,1,0,0.01
1777582063.677323777,0,0,1.31
1777582063.677323777,1,0,0.01
1777582064.697483668,0,0,1.31
1777582064.697483668,1,0,0.01
1777582065.717350284,0,0,1.31
1777582065.717350284,1,0,0.01
1777582066.737367767,0,0,1.31
1777582066.737367767,1,0,0.01
1777582067.757076448,0,0,1.31
1777582067.757076448,1,0,0.01
1777582068.776853525,0,0,1.31
1777582068.776853525,1,0,0.01
1777582069.796544841,0,0,1.31
1777582069.796544841,1,0,0.01
1777582070.816338530,0,0,1.31
1777582070.816338530,1,0,0.01
1777582071.836175214,0,0,1.31
1777582071.836175214,1,0,0.01
1777582072.857521701,0,0,1.31
1777582072.857521701,1,0,0.01
1777582073.878458716,0,0,1.31
1777582073.878458716,1,0,0.01
1777582074.899401329,0,0,1.31
1777582074.899401329,1,0,0.01
1777582075.918921156,0,0,1.31
1777582075.918921156,1,0,0.01
1777582076.938733729,0,0,1.31
1777582076.938733729,1,0,0.01
1777582077.958447039,0,0,1.31
1777582077.958447039,1,0,0.01
1777582078.977650633,0,0,1.31
1777582078.977650633,1,0,0.01
1777582079.997369270,0,0,1.31
1777582079.997369270,1,0,0.01
1777582081.017885665,0,0,1.31
1777582081.017885665,1,0,0.01
1777582082.037419360,0,0,1.31
1777582082.037419360,1,0,0.01
1777582083.057664870,0,0,1.31
1777582083.057664870,1,0,0.01
1777582084.078020409,0,0,1.31
1777582084.078020409,1,0,0.01
1777582085.097949557,0,0,1.31
1777582085.097949557,1,0,0.01
1777582086.118401885,0,0,1.31
1777582086.118401885,1,0,0.01
1777582087.138657982,0,0,1.31
1777582087.138657982,1,0,0.01
1777582088.159620575,0,0,1.31
1777582088.159620575,1,0,0.01
1777582089.180996324,0,0,1.31
1777582089.180996324,1,0,0.01
1777582090.201643044,0,0,1.31
1777582090.201643044,1,0,0.01
1777582091.220910476,0,0,1.31
1777582091.220910476,1,0,0.01
1777582092.240968102,0,0,1.31
1777582092.240968102,1,0,0.01
1777582093.262670879,0,0,1.31
1777582093.262670879,1,0,0.01
1777582094.282756707,0,0,1.31
1777582094.282756707,1,0,0.01
1777582095.303972811,0,0,1.31
1777582095.303972811,1,0,0.01
1777582096.323942405,0,0,1.31
1777582096.323942405,1,0,0.01
1777582097.344541266,0,0,1.31
1777582097.344541266,1,0,0.01
1777582098.364770141,0,0,1.31
1777582098.364770141,1,0,0.01
1777582099.384716305,0,0,1.31
1777582099.384716305,1,0,0.01
1777582100.405695443,0,0,1.31
1777582100.405695443,1,0,0.01
1777582101.425960562,0,0,1.31
1777582101.425960562,1,0,0.01
1777582102.446475999,0,0,1.31
1777582102.446475999,1,0,0.01
1777582103.468149850,0,0,1.31
1777582103.468149850,1,0,0.01
1777582104.489308947,0,0,1.31
1777582104.489308947,1,0,0.01
1777582105.513641617,0,0,1.31
1777582105.513641617,1,0,0.01
1777582106.534511445,0,0,1.31
1777582106.534511445,1,0,0.01
1777582107.553994957,0,0,1.31
1777582107.553994957,1,0,0.01
1777582108.574179899,0,0,1.31
1777582108.574179899,1,0,0.01
1777582109.597044971,0,0,1.31
1777582109.597044971,1,0,0.01
1777582110.618586391,0,0,1.31
1777582110.618586391,1,0,0.01
1777582111.639915352,0,0,1.31
1777582111.639915352,1,0,0.01
1777582112.660158381,0,0,1.31
1777582112.660158381,1,0,0.01
1777582113.682247143,0,0,1.31
1777582113.682247143,1,0,0.01
1777582114.702789227,0,0,1.31
1777582114.702789227,1,0,0.01
1777582115.722820798,0,0,1.31
1777582115.722820798,1,0,0.01
1777582116.742642135,0,0,1.31
1777582116.742642135,1,0,0.01
1777582117.763197955,0,0,1.31
1777582117.763197955,1,0,0.01
1777582118.783442914,0,0,1.31
1777582118.783442914,1,0,0.01
1777582119.803314411,0,0,1.31
1777582119.803314411,1,0,0.01
1777582120.824376112,0,0,1.31
1777582120.824376112,1,0,0.01
1777582121.845866510,0,0,1.31
1777582121.845866510,1,0,0.01
1777582122.867036791,0,0,1.31
1777582122.867036791,1,0,0.01
1777582123.888701510,0,0,1.31
1777582123.888701510,1,0,0.01
1777582124.909196916,0,0,1.31
1777582124.909196916,1,0,0.01
1777582125.930092873,0,0,1.31
1777582125.930092873,1,0,0.01
1777582126.950039783,0,0,1.31
1777582126.950039783,1,0,0.01
1777582127.971912095,0,0,1.31
1777582127.971912095,1,0,0.01
1777582128.992713205,0,0,1.31
1777582128.992713205,1,0,0.01
1777582130.013173386,0,0,1.31
1777582130.013173386,1,0,0.01
1777582131.033023422,0,0,1.31
1777582131.033023422,1,0,0.01
1777582132.052922142,0,0,1.31
1777582132.052922142,1,0,0.01
1777582133.073210860,0,0,1.31
1777582133.073210860,1,0,0.01
1777582134.092528019,0,0,1.31
1777582134.092528019,1,0,0.01
1777582135.114393008,0,0,1.31
1777582135.114393008,1,0,0.01
1777582136.134444623,0,0,1.31
1777582136.134444623,1,0,0.01
1777582137.158322758,0,0,1.31
1777582137.158322758,1,0,0.01
1777582138.179991847,0,0,1.31
1777582138.179991847,1,0,0.01
1777582139.200881411,0,0,1.31
1777582139.200881411,1,0,0.01
1777582140.222325913,0,0,1.31
1777582140.222325913,1,0,0.01
1777582141.243334643,0,0,1.31
1777582141.243334643,1,0,0.01
1777582142.265234387,0,0,1.31
1777582142.265234387,1,0,0.01
1777582143.287049491,0,0,1.31
1777582143.287049491,1,0,0.01
1777582144.306952177,0,0,1.31
1777582144.306952177,1,0,0.01
1777582145.327631627,0,0,1.31
1777582145.327631627,1,0,0.01
1777582146.347067134,0,0,1.31
1777582146.347067134,1,0,0.01
1777582147.367297074,0,0,1.31
1777582147.367297074,1,0,0.01
1777582148.386838233,0,0,1.31
1777582148.386838233,1,0,0.01
1777582149.406297473,0,0,1.31
1777582149.406297473,1,0,0.01
1777582150.425651681,0,0,1.31
1777582150.425651681,1,0,0.01
1777582151.445337067,0,0,1.31
1777582151.445337067,1,0,0.01
1777582152.466222259,0,0,1.31
1777582152.466222259,1,0,0.01
1777582153.488118997,0,0,1.31
1777582153.488118997,1,0,0.01
1777582154.508872557,0,0,1.31
1777582154.508872557,1,0,0.01
1777582155.529840716,0,0,1.31
1777582155.529840716,1,0,0.01
1777582156.551003869,0,0,1.31
1777582156.551003869,1,0,0.01
1777582157.571796805,0,0,1.31
1777582157.571796805,1,0,0.01
1777582158.593467595,0,0,1.31
1777582158.593467595,1,0,0.01
1777582159.613173710,0,0,1.31
1777582159.613173710,1,0,0.01
1777582160.633421973,0,0,1.31
1777582160.633421973,1,0,0.01
1777582161.653773855,0,0,1.31
1777582161.653773855,1,0,0.01
1777582162.675513354,0,0,1.31
1777582162.675513354,1,0,0.01
1777582163.696298883,0,0,1.31
1777582163.696298883,1,0,0.01
1777582164.716402447,0,0,1.31
1777582164.716402447,1,0,0.01
1777582165.737184051,0,0,1.31
1777582165.737184051,1,0,0.01
1777582166.757994936,0,0,1.31
1777582166.757994936,1,0,0.01
1777582167.779425992,0,0,1.31
1777582167.779425992,1,0,0.01
1777582168.799318592,0,0,1.31
1777582168.799318592,1,0,0.01
1777582169.819624699,0,0,1.31
1777582169.819624699,1,0,0.01
1777582170.839694124,0,0,1.31
1777582170.839694124,1,0,0.01
1777582171.860186511,0,0,1.31
1777582171.860186511,1,0,0.01
1777582172.881198916,0,0,1.31
1777582172.881198916,1,0,0.01
1777582173.903037487,0,0,1.31
1777582173.903037487,1,0,0.01
1777582174.923318943,0,0,1.31
1777582174.923318943,1,0,0.01
1777582175.943610162,0,0,1.31
1777582175.943610162,1,0,0.01
1777582176.965719937,0,0,1.31
1777582176.965719937,1,0,0.01
1777582177.986127205,0,0,1.31
1777582177.986127205,1,0,0.01
1777582179.006372730,0,0,1.31
1777582179.006372730,1,0,0.01
1777582180.025899165,0,0,1.31
1777582180.025899165,1,0,0.01
1777582181.046600071,0,0,1.31
1777582181.046600071,1,0,0.01
1777582182.066491094,0,0,1.31
1777582182.066491094,1,0,0.01
1777582183.088357098,0,0,1.31
1777582183.088357098,1,0,0.01
1777582184.109690268,0,0,1.31
1777582184.109690268,1,0,0.01
1777582185.130324170,0,0,1.31
1777582185.130324170,1,0,0.01
1777582186.150905474,0,0,1.31
1777582186.150905474,1,0,0.01
1777582187.171721889,0,0,1.31
1777582187.171721889,1,0,0.01
1777582188.192052674,0,0,1.31
1777582188.192052674,1,0,0.01
1777582189.212603798,0,0,1.31
1777582189.212603798,1,0,0.01
1777582190.233327886,0,0,1.31
1777582190.233327886,1,0,0.01
1777582191.254086065,0,0,1.31
1777582191.254086065,1,0,0.01
1777582192.274761893,0,0,1.31
1777582192.274761893,1,0,0.01
1777582193.294735097,0,0,1.31
1777582193.294735097,1,0,0.01
1777582194.315811978,0,0,1.31
1777582194.315811978,1,0,0.01
1777582195.336650256,0,0,1.31
1777582195.336650256,1,0,0.01
1777582196.356559251,0,0,1.31
1777582196.356559251,1,0,0.01
1777582197.377047372,0,0,1.31
1777582197.377047372,1,0,0.01
1777582198.397133714,0,0,1.31
1777582198.397133714,1,0,0.01
1777582199.417369499,0,0,1.31
1777582199.417369499,1,0,0.01
1777582200.437704117,0,0,1.31
1777582200.437704117,1,0,0.01
1777582201.458588925,0,0,1.31
1777582201.458588925,1,0,0.01
1777582202.478845630,0,0,1.31
1777582202.478845630,1,0,0.01
1777582203.498731655,0,0,1.31
1777582203.498731655,1,0,0.01
1777582204.518791024,0,0,1.31
1777582204.518791024,1,0,0.01
1777582205.539155045,0,0,1.31
1777582205.539155045,1,0,0.01
1777582206.559283747,0,0,1.31
1777582206.559283747,1,0,0.01
1777582207.580501584,0,0,1.31
1777582207.580501584,1,0,0.01
1777582208.601209024,0,0,1.31
1777582208.601209024,1,0,0.01
1777582209.621366798,0,0,1.31
1777582209.621366798,1,0,0.01
1777582210.641359641,0,0,1.31
1777582210.641359641,1,0,0.01
1777582211.662156924,0,0,1.31
1777582211.662156924,1,0,0.01
1777582212.683532004,0,0,1.31
1777582212.683532004,1,0,0.01
1777582213.705361839,0,0,1.31
1777582213.705361839,1,0,0.01
1777582214.726458019,0,0,1.31
1777582214.726458019,1,0,0.01
1777582215.746525577,0,0,1.31
1777582215.746525577,1,0,0.01
1777582216.766374812,0,0,1.31
1777582216.766374812,1,0,0.01
1777582217.787293307,0,0,1.31
1777582217.787293307,1,0,0.01
1777582218.808025837,0,0,1.31
1777582218.808025837,1,0,0.01
1777582219.828363693,0,0,1.31
1777582219.828363693,1,0,0.01
1777582220.849043773,0,0,1.31
1777582220.849043773,1,0,0.01
1777582221.870614518,0,0,1.31
1777582221.870614518,1,0,0.01
1777582222.891008074,0,0,1.31
1777582222.891008074,1,0,0.01
1777582223.911058333,0,0,1.31
1777582223.911058333,1,0,0.01
1777582224.931930597,0,0,1.31
1777582224.931930597,1,0,0.01
1777582225.951712834,0,0,1.31
1777582225.951712834,1,0,0.01
1777582226.971626325,0,0,1.31
1777582226.971626325,1,0,0.01
1777582227.993270404,0,0,1.31
1777582227.993270404,1,0,0.01
1777582229.013399397,0,0,1.31
1777582229.013399397,1,0,0.01
1777582230.032970457,0,0,1.31
1777582230.032970457,1,0,0.01
1777582231.053570330,0,0,1.31
1777582231.053570330,1,0,0.01
1777582232.073531584,0,0,1.31
1777582232.073531584,1,0,0.01
1777582233.092961901,0,0,1.31
1777582233.092961901,1,0,0.01
1777582234.112427621,0,0,1.31
1777582234.112427621,1,0,0.01
1777582235.132086559,0,0,1.31
1777582235.132086559,1,0,0.01
1777582236.153121120,0,0,1.31
1777582236.153121120,1,0,0.01
1777582237.172953390,0,0,1.31
1777582237.172953390,1,0,0.01
1777582238.193387531,0,0,1.31
1777582238.193387531,1,0,0.01
1777582239.213124101,0,0,1.31
1777582239.213124101,1,0,0.01
1777582240.233510131,0,0,1.31
1777582240.233510131,1,0,0.01
1777582241.254465980,0,0,1.31
1777582241.254465980,1,0,0.01
1777582242.273991805,0,0,1.31
1777582242.273991805,1,0,0.01
1777582243.294606650,0,0,1.31
1777582243.294606650,1,0,0.01
1777582244.314970308,0,0,1.31
1777582244.314970308,1,0,0.01
1777582245.335078218,0,0,1.31
1777582245.335078218,1,0,0.01
1777582246.354281948,0,0,1.31
1777582246.354281948,1,0,0.01
1777582247.374030255,0,0,1.31
1777582247.374030255,1,0,0.01
1777582248.394142800,0,0,1.31
1777582248.394142800,1,0,0.01
1777582249.415300201,0,0,1.31
1777582249.415300201,1,0,0.01
1777582250.435902052,0,0,1.31
1777582250.435902052,1,0,0.01
1777582251.455334081,0,0,1.31
1777582251.455334081,1,0,0.01
1777582252.476036569,0,0,1.31
1777582252.476036569,1,0,0.01
1777582253.496152044,0,0,1.31
1777582253.496152044,1,0,0.01
1777582254.516401445,0,0,1.31
1777582254.516401445,1,0,0.01
1777582255.536889285,0,0,1.31
1777582255.536889285,1,0,0.01
1777582256.557005442,0,0,1.31
1777582256.557005442,1,0,0.01
1777582257.577354707,0,0,1.31
1777582257.577354707,1,0,0.01
1777582258.597017405,0,0,1.31
1777582258.597017405,1,0,0.01
1777582259.617313265,0,0,1.31
1777582259.617313265,1,0,0.01
1777582260.636769254,0,0,1.31
1777582260.636769254,1,0,0.01
1777582261.656923730,0,0,1.31
1777582261.656923730,1,0,0.01
1777582262.675986547,0,0,1.31
1777582262.675986547,1,0,0.01
1777582263.695986678,0,0,1.31
1777582263.695986678,1,0,0.01
1777582264.715130833,0,0,1.31
1777582264.715130833,1,0,0.01
1777582265.734783210,0,0,1.31
1777582265.734783210,1,0,0.01
1777582266.755564591,0,0,1.31
1777582266.755564591,1,0,0.01
1777582267.775276862,0,0,1.31
1777582267.775276862,1,0,0.01
1777582268.794831309,0,0,1.31
1777582268.794831309,1,0,0.01
1777582269.814367891,0,0,1.31
1777582269.814367891,1,0,0.01
1777582270.835121844,0,0,1.31
1777582270.835121844,1,0,0.01
1777582271.854942274,0,0,1.31
1777582271.854942274,1,0,0.01
1777582272.874325739,0,0,1.31
1777582272.874325739,1,0,0.01
1777582273.895116918,0,0,1.31
1777582273.895116918,1,0,0.01
1777582274.914797621,0,0,1.31
1777582274.914797621,1,0,0.01
1777582275.935601285,0,0,1.31
1777582275.935601285,1,0,0.01
1777582276.955600171,0,0,1.31
1777582276.955600171,1,0,0.01
1777582277.975462985,0,0,1.31
1777582277.975462985,1,0,0.01
1777582278.995457303,0,0,1.31
1777582278.995457303,1,0,0.01
1777582280.015103655,0,0,1.31
1777582280.015103655,1,0,0.01
1777582281.034654749,0,0,1.31
1777582281.034654749,1,0,0.01
1777582282.054382864,0,0,1.31
1777582282.054382864,1,0,0.01
1777582283.074076629,0,0,1.31
1777582283.074076629,1,0,0.01
1777582284.093882506,0,0,1.31
1777582284.093882506,1,0,0.01
1777582285.115148286,0,0,1.31
1777582285.115148286,1,0,0.01
1777582286.136268094,0,0,1.31
1777582286.136268094,1,0,0.01
1777582287.155520325,0,0,1.31
1777582287.155520325,1,0,0.01
1777582288.175344595,0,0,1.31
1777582288.175344595,1,0,0.01
1777582289.195259115,0,0,1.31
1777582289.195259115,1,0,0.01
1777582290.215084733,0,0,1.31
1777582290.215084733,1,0,0.01
1777582291.234554545,0,0,1.31
1777582291.234554545,1,0,0.01
1777582292.255343973,0,0,1.31
1777582292.255343973,1,0,0.01
1777582293.275362048,0,0,1.31
1777582293.275362048,1,0,0.01
1777582294.294879336,0,0,1.31
1777582294.294879336,1,0,0.01
1777582295.315442717,0,0,1.31
1777582295.315442717,1,0,0.01
1777582296.335149639,0,0,1.31
1777582296.335149639,1,0,0.01
1777582297.357178908,0,0,1.31
1777582297.357178908,1,0,0.01
1777582298.378955734,0,0,1.31
1777582298.378955734,1,0,0.01
1777582299.399700483,0,0,1.31
1777582299.399700483,1,0,0.01
1777582300.420580593,0,0,1.31
1777582300.420580593,1,0,0.01
1777582301.440451801,0,0,1.31
1777582301.440451801,1,0,0.01
1777582302.459883745,0,0,1.31
1777582302.459883745,1,0,0.01
1777582303.480118821,0,0,1.31
1777582303.480118821,1,0,0.01
1777582304.500469175,0,0,1.31
1777582304.500469175,1,0,0.01
1777582305.520064913,0,0,1.31
1777582305.520064913,1,0,0.01
1777582306.539883774,0,0,1.31
1777582306.539883774,1,0,0.01
1777582307.559555785,0,0,1.31
1777582307.559555785,1,0,0.01
1777582308.579599966,0,0,1.31
1777582308.579599966,1,0,0.01
1777582309.599376709,0,0,1.31
1777582309.599376709,1,0,0.01
1777582310.619554907,0,0,1.31
1777582310.619554907,1,0,0.01
1777582311.641692731,0,0,1.31
1777582311.641692731,1,0,0.01
1777582312.661584916,0,0,1.31
1777582312.661584916,1,0,0.01
1777582313.681210039,0,0,1.31
1777582313.681210039,1,0,0.01
1777582314.701516022,0,0,1.31
1777582314.701516022,1,0,0.01
1777582315.721365519,0,0,1.31
1777582315.721365519,1,0,0.01
1777582316.741392016,0,0,1.31
1777582316.741392016,1,0,0.01
1777582317.761904505,0,0,1.31
1777582317.761904505,1,0,0.01
1777582318.781672155,0,0,1.31
1777582318.781672155,1,0,0.01
1777582319.801088181,0,0,1.31
1777582319.801088181,1,0,0.01
1777582320.820722333,0,0,1.31
1777582320.820722333,1,0,0.01
1777582321.840985013,0,0,1.31
1777582321.840985013,1,0,0.01
1777582322.860492828,0,0,1.31
1777582322.860492828,1,0,0.01
1777582323.880111830,0,0,1.31
1777582323.880111830,1,0,0.01
1777582324.900080526,0,0,1.31
1777582324.900080526,1,0,0.01
1777582325.920183896,0,0,1.31
1777582325.920183896,1,0,0.01
1777582326.942243062,0,0,1.31
1777582326.942243062,1,0,0.01
1777582327.963945565,0,0,1.31
1777582327.963945565,1,0,0.01
1777582328.983527999,0,0,1.31
1777582328.983527999,1,0,0.01
1777582330.003303644,0,0,1.31
1777582330.003303644,1,0,0.01
1777582331.023085017,0,0,1.31
1777582331.023085017,1,0,0.01
1777582332.042836077,0,0,1.31
1777582332.042836077,1,0,0.01
1777582333.063218964,0,0,1.31
1777582333.063218964,1,0,0.01
1777582334.085333254,0,0,1.31
1777582334.085333254,1,0,0.01
1777582335.105169602,0,0,1.31
1777582335.105169602,1,0,0.01
1777582336.125745102,0,0,1.31
1777582336.125745102,1,0,0.01
1777582337.145916774,0,0,1.31
1777582337.145916774,1,0,0.01
1777582338.165904964,0,0,1.31
1777582338.165904964,1,0,0.01
1777582339.185590123,0,0,1.31
1777582339.185590123,1,0,0.01
1777582340.206383298,0,0,1.31
1777582340.206383298,1,0,0.01
1777582341.227072550,0,0,1.31
1777582341.227072550,1,0,0.01
1777582342.249650905,0,0,1.31
1777582342.249650905,1,0,0.01
1777582343.269951403,0,0,1.31
1777582343.269951403,1,0,0.01
1777582344.290563186,0,0,1.31
1777582344.290563186,1,0,0.01
1777582345.310417049,0,0,1.31
1777582345.310417049,1,0,0.01
1777582346.331150097,0,0,1.31
1777582346.331150097,1,0,0.01
1777582347.351895131,0,0,1.31
1777582347.351895131,1,0,0.01
1777582348.372228322,0,0,1.31
1777582348.372228322,1,0,0.01
1777582349.392110626,0,0,1.31
1777582349.392110626,1,0,0.01
1777582350.412220181,0,0,1.31
1777582350.412220181,1,0,0.01
1777582351.432080817,0,0,1.31
1777582351.432080817,1,0,0.01
1777582352.451593183,0,0,1.31
1777582352.451593183,1,0,0.01
1777582353.471705079,0,0,1.31
1777582353.471705079,1,0,0.01
1777582354.493065717,0,0,1.31
1777582354.493065717,1,0,0.01
1777582355.513618592,0,0,1.31
1777582355.513618592,1,0,0.01
1777582356.533215572,0,0,1.31
1777582356.533215572,1,0,0.01
1777582357.553106176,0,0,1.31
1777582357.553106176,1,0,0.01
1777582358.572647049,0,0,1.31
1777582358.572647049,1,0,0.01
1777582359.592697622,0,0,1.31
1777582359.592697622,1,0,0.01
1777582360.612189884,0,0,1.31
1777582360.612189884,1,0,0.01
1777582361.631697520,0,0,1.31
1777582361.631697520,1,0,0.01
1777582362.652196585,0,0,1.31
1777582362.652196585,1,0,0.01
1777582363.672506836,0,0,1.31
1777582363.672506836,1,0,0.01
1777582364.693324374,0,0,1.31
1777582364.693324374,1,0,0.01
1777582365.712799049,0,0,1.31
1777582365.712799049,1,0,0.01
1777582366.733127163,0,0,1.31
1777582366.733127163,1,0,0.01
1777582367.752944440,0,0,1.31
1777582367.752944440,1,0,0.01
1777582368.772871610,0,0,1.31
1777582368.772871610,1,0,0.01
1777582369.793162241,0,0,1.31
1777582369.793162241,1,0,0.01
1777582370.812791586,0,0,1.31
1777582370.812791586,1,0,0.01
1777582371.832283234,0,0,1.31
1777582371.832283234,1,0,0.01
1777582372.851844576,0,0,1.31
1777582372.851844576,1,0,0.01
1777582373.872361792,0,0,1.31
1777582373.872361792,1,0,0.01
1777582374.892501583,0,0,1.31
1777582374.892501583,1,0,0.01
1777582375.913024090,0,0,1.31
1777582375.913024090,1,0,0.01
1777582376.933919172,0,0,1.31
1777582376.933919172,1,0,0.01
1777582377.953569580,0,0,1.31
1777582377.953569580,1,0,0.01
1777582378.973907952,0,0,1.31
1777582378.973907952,1,0,0.01
1777582379.993798789,0,0,1.31
1777582379.993798789,1,0,0.01
1777582381.013946302,0,0,1.31
1777582381.013946302,1,0,0.01
1777582382.033194969,0,0,1.31
1777582382.033194969,1,0,0.01
1777582383.052666827,0,0,1.31
1777582383.052666827,1,0,0.01
1777582384.072686634,0,0,1.31
1777582384.072686634,1,0,0.01
1777582385.093458824,0,0,1.31
1777582385.093458824,1,0,0.01
1777582386.112763023,0,0,1.31
1777582386.112763023,1,0,0.01
1777582387.132403644,0,0,1.31
1777582387.132403644,1,0,0.01
1777582388.152766006,0,0,1.31
1777582388.152766006,1,0,0.01
1777582389.174394486,0,0,1.31
1777582389.174394486,1,0,0.01
1777582390.194476475,0,0,1.31
1777582390.194476475,1,0,0.01
1777582391.213889187,0,0,1.31
1777582391.213889187,1,0,0.01
1777582392.233688283,0,0,1.31
1777582392.233688283,1,0,0.01
1777582393.253263124,0,0,1.31
1777582393.253263124,1,0,0.01
1777582394.273111938,0,0,1.31
1777582394.273111938,1,0,0.01
1777582395.292681840,0,0,1.31
1777582395.292681840,1,0,0.01
1777582396.312149619,0,0,1.31
1777582396.312149619,1,0,0.01
1777582397.331890659,0,0,1.31
1777582397.331890659,1,0,0.01
1777582398.352697949,0,0,1.31
1777582398.352697949,1,0,0.01
1777582399.373540150,0,0,1.31
1777582399.373540150,1,0,0.01
1777582400.393100712,0,0,1.31
1777582400.393100712,1,0,0.01
1777582401.412918787,0,0,1.31
1777582401.412918787,1,0,0.01
1777582402.432523676,0,0,1.31
1777582402.432523676,1,0,0.01
1777582403.452148583,0,0,1.31
1777582403.452148583,1,0,0.01
1777582404.471877144,0,0,1.31
1777582404.471877144,1,0,0.01
1777582405.490933318,0,0,1.31
1777582405.490933318,1,0,0.01
1777582406.510342020,0,0,1.31
1777582406.510342020,1,0,0.01
1777582407.530148754,0,0,1.31
1777582407.530148754,1,0,0.01
1777582408.549626074,0,0,1.31
1777582408.549626074,1,0,0.01
1777582409.568864176,0,0,1.31
1777582409.568864176,1,0,0.01
1777582410.588289951,0,0,1.31
1777582410.588289951,1,0,0.01
1777582411.607797415,0,0,1.31
1777582411.607797415,1,0,0.01
1777582412.627318858,0,0,1.31
1777582412.627318858,1,0,0.01
1777582413.648990518,0,0,1.31
1777582413.648990518,1,0,0.01
1777582414.668761613,0,0,1.31
1777582414.668761613,1,0,0.01
1777582415.688299179,0,0,1.31
1777582415.688299179,1,0,0.01
1777582416.708011142,0,0,1.31
1777582416.708011142,1,0,0.01
1777582417.727710432,0,0,1.31
1777582417.727710432,1,0,0.01
1777582418.748040148,0,0,1.31
1777582418.748040148,1,0,0.01
1777582419.767607849,0,0,1.31
1777582419.767607849,1,0,0.01
1777582420.787794242,0,0,1.31
1777582420.787794242,1,0,0.01
1777582421.809029384,0,0,1.31
1777582421.809029384,1,0,0.01
1777582422.831052762,0,0,1.31
1777582422.831052762,1,0,0.01
1777582423.852726740,0,0,1.31
1777582423.852726740,1,0,0.01
1777582424.872600049,0,0,1.31
1777582424.872600049,1,0,0.01
1777582425.892962993,0,0,1.31
1777582425.892962993,1,0,0.01
1777582426.913008480,0,0,1.31
1777582426.913008480,1,0,0.01
1777582427.934290205,0,0,1.31
1777582427.934290205,1,0,0.01
1777582428.954956894,0,0,1.31
1777582428.954956894,1,0,0.01
1777582429.974937834,0,0,1.31
1777582429.974937834,1,0,0.01
1777582430.994050017,0,0,1.31
1777582430.994050017,1,0,0.01
1777582432.014114071,0,0,1.31
1777582432.014114071,1,0,0.01
1777582433.033527130,0,0,1.31
1777582433.033527130,1,0,0.01
1777582434.052980140,0,0,1.31
1777582434.052980140,1,0,0.01
1777582435.073422896,0,0,1.31
1777582435.073422896,1,0,0.01
1777582436.094465189,0,0,1.31
1777582436.094465189,1,0,0.01
1777582437.113839061,0,0,1.31
1777582437.113839061,1,0,0.01
1777582438.134180785,0,0,1.31
1777582438.134180785,1,0,0.01
1777582439.154154186,0,0,1.31
1777582439.154154186,1,0,0.01
1777582440.174114252,0,0,1.31
1777582440.174114252,1,0,0.01
1777582441.193479174,0,0,1.31
1777582441.193479174,1,0,0.01
1777582442.213127893,0,0,1.31
1777582442.213127893,1,0,0.01
1777582443.233111147,0,0,1.31
1777582443.233111147,1,0,0.01
1777582444.254083992,0,0,1.31
1777582444.254083992,1,0,0.01
1777582445.274494173,0,0,1.31
1777582445.274494173,1,0,0.01
1777582446.294001022,0,0,1.31
1777582446.294001022,1,0,0.01
1777582447.314981171,0,0,1.31
1777582447.314981171,1,0,0.01
1777582448.334944204,0,0,1.31
1777582448.334944204,1,0,0.01
1777582449.355492056,0,0,1.31
1777582449.355492056,1,0,0.01
1777582450.375040611,0,0,1.31
1777582450.375040611,1,0,0.01
1777582451.397075757,0,0,1.31
1777582451.397075757,1,0,0.01
1777582452.417987326,0,0,1.31
1777582452.417987326,1,0,0.01
1777582453.437927656,0,0,1.31
1777582453.437927656,1,0,0.01
1777582454.458438792,0,0,1.31
1777582454.458438792,1,0,0.01
1777582455.477916190,0,0,1.31
1777582455.477916190,1,0,0.01
1777582456.497487603,0,0,1.31
1777582456.497487603,1,0,0.01
1777582457.516996012,0,0,1.31
1777582457.516996012,1,0,0.01
1777582458.538142903,0,0,1.31
1777582458.538142903,1,0,0.01
1777582459.558876489,0,0,1.31
1777582459.558876489,1,0,0.01
1777582460.578670328,0,0,1.31
1777582460.578670328,1,0,0.01
1777582461.598618451,0,0,1.31
1777582461.598618451,1,0,0.01
1777582462.618236153,0,0,1.31
1777582462.618236153,1,0,0.01
1777582463.638620803,0,0,1.31
1777582463.638620803,1,0,0.01
1777582464.658827299,0,0,1.31
1777582464.658827299,1,0,0.01
1777582465.678754221,0,0,1.31
1777582465.678754221,1,0,0.01
1777582466.699651160,0,0,1.31
1777582466.699651160,1,0,0.01
1777582467.721444599,0,0,1.31
1777582467.721444599,1,0,0.01
1777582468.741257909,0,0,1.31
1777582468.741257909,1,0,0.01
1777582469.760887972,0,0,1.31
1777582469.760887972,1,0,0.01
1777582470.780999733,0,0,1.31
1777582470.780999733,1,0,0.01
1777582471.801622876,0,0,1.31
1777582471.801622876,1,0,0.01
1777582472.821451230,0,0,1.31
1777582472.821451230,1,0,0.01
1777582473.841601398,0,0,1.31
1777582473.841601398,1,0,0.01
1777582474.863669600,0,0,1.31
1777582474.863669600,1,0,0.01
1777582475.883272585,0,0,1.31
1777582475.883272585,1,0,0.01
1777582476.903001009,0,0,1.31
1777582476.903001009,1,0,0.01
1777582477.922965530,0,0,1.31
1777582477.922965530,1,0,0.01
1777582478.943671359,0,0,1.31
1777582478.943671359,1,0,0.01
1777582479.963812523,0,0,1.31
1777582479.963812523,1,0,0.01
1777582480.984547349,0,0,1.31
1777582480.984547349,1,0,0.01
1777582482.004547912,0,0,1.31
1777582482.004547912,1,0,0.01
1777582483.024908229,0,0,1.31
1777582483.024908229,1,0,0.01
1777582484.045990152,0,0,1.31
1777582484.045990152,1,0,0.01
1777582485.067045259,0,0,1.31
1777582485.067045259,1,0,0.01
1777582486.087602674,0,0,1.31
1777582486.087602674,1,0,0.01
1777582487.107011628,0,0,1.31
1777582487.107011628,1,0,0.01
1777582488.126895118,0,0,1.31
1777582488.126895118,1,0,0.01
1777582489.146917381,0,0,1.31
1777582489.146917381,1,0,0.01
1777582490.166874303,0,0,1.31
1777582490.166874303,1,0,0.01
1777582491.186241231,0,0,1.31
1777582491.186241231,1,0,0.01
1777582492.206022351,0,0,1.31
1777582492.206022351,1,0,0.01
1777582493.227628762,0,0,1.31
1777582493.227628762,1,0,0.01
1777582494.248395058,0,0,1.31
1777582494.248395058,1,0,0.01
1777582495.268013929,0,0,1.31
1777582495.268013929,1,0,0.01
1777582496.287972293,0,0,1.31
1777582496.287972293,1,0,0.01
1777582497.309404804,0,0,1.31
1777582497.309404804,1,0,0.01
1777582498.330073287,0,0,1.31
1777582498.330073287,1,0,0.01
1777582499.350136213,0,0,1.31
1777582499.350136213,1,0,0.01
1777582500.371703429,0,0,1.31
1777582500.371703429,1,0,0.01
1777582501.393435374,0,0,1.31
1777582501.393435374,1,0,0.01
